Experiment Name,Run Number,Start Time,Finish Time,Duration (s)
memory_low,0,1745325805.7192032,1745325806.283085,0.5638818740844727
memory_low,1,1745325816.135681,1745325816.4037228,0.26804184913635254
memory_low,2,1745325826.4429483,1745325826.6947172,0.2517688274383545
memory_low,3,1745325836.4525907,1745325836.7163076,0.2637169361114502
memory_low,4,1745325846.8858771,1745325847.1422648,0.25638771057128906
memory_low,5,1745325857.6118932,1745325857.8656979,0.25380468368530273
memory_low,6,1745325867.414232,1745325867.6821365,0.26790452003479004
memory_low,7,1745325878.0208595,1745325878.2735116,0.2526521682739258
memory_low,8,1745325888.2600567,1745325888.5159686,0.25591182708740234
memory_low,9,1745325898.5408547,1745325898.7935781,0.25272345542907715
