container_id,started,finished,total_time
5acc941e9425,1744020840.722342,1744020840.943257,0.2209150791168213
6fb537fdebfa,1744020842.576841,1744020842.837786,0.26094484329223633
eb9054b59222,1744020840.245365,1744020840.51121,0.26584506034851074
472b393974dd,1744020839.315199,1744020839.580884,0.2656850814819336
a8ad33068f51,1744020839.79536,1744020840.02323,0.22786998748779297
edd6d685811d,1744020842.133123,1744020842.374502,0.2413790225982666
18b014f7658f,1744020841.645714,1744020841.899095,0.25338101387023926
0d38337529e4,1744020838.845081,1744020839.082963,0.23788189888000488
20065cb8cb0b,1744020843.046729,1744020843.310796,0.2640669345855713
08ddd526b24d,1744020838.349905,1744020838.630782,0.28087687492370605
64dc7d679e21,1744020841.149804,1744020841.418387,0.268582820892334
