container_id,started,finished,total_time
08ddd526b24d,1744024438.529852,1744024438.6280067,0.09815478324890137
0d38337529e4,1744024439.0150018,1744024439.080032,0.06503033638000488
18b014f7658f,1744024441.8331888,1744024441.8972027,0.06401395797729492
20065cb8cb0b,1744024443.2544663,1744024443.3087013,0.054234981536865234
472b393974dd,1744024439.5123565,1744024439.5787086,0.06635212898254395
5acc941e9425,1744024440.8776996,1744024440.9402485,0.06254887580871582
64dc7d679e21,1744024441.3564467,1744024441.4162724,0.05982565879821777
6fb537fdebfa,1744024442.7732034,1744024442.8356411,0.06243777275085449
a8ad33068f51,1744024439.9605036,1744024440.0205815,0.06007790565490723
eb9054b59222,1744024440.4477437,1744024440.508026,0.060282230377197266
edd6d685811d,1744024442.3083572,1744024442.3726766,0.06431937217712402
