container_id,started,finished,total_time
fe5fbd0a7a7a,1744015892.232435,1744015921.710499,29.47806406021118
d1fe61360cd5,1744015896.143065,1744015923.298544,27.155478954315186
ef97a7f33c61,1744015897.244476,1744015924.556925,27.312448978424072
908eac40449f,1744015898.456576,1744015925.169467,26.71289086341858
87378700a829,1744015899.820128,1744015925.751751,25.931622982025146
3fa23d171e20,1744015894.78597,1744015918.437675,23.651705026626587
f4b0666bcee5,1744015901.034464,1744015925.104666,24.070202112197876
0eaefa261282,1744015893.617129,1744015921.402378,27.78524899482727
4106d2ff04ff,1744015892.799696,1744015923.892585,31.092889070510864
90c46bb7fdfb,1744015891.703852,1744015922.361859,30.65800714492798
3937abfdce65,1744015902.492386,1744015926.057481,23.56509494781494
