Experiment Name,Run Number,Start Time,Finish Time,Duration (s)
io_long,0,1744896111.2672863,1744896279.4500773,168.18279099464417
io_long,1,1744896280.0276065,1744896434.147911,154.12030458450317
io_long,2,1744896434.6767304,1744896603.3887577,168.71202731132507
io_long,3,1744896603.906302,1744896772.1154442,168.20914220809937
io_long,4,1744896772.6366377,1744896940.9379249,168.30128717422485
io_long,5,1744896941.4689026,1744897109.4178104,167.94890785217285
io_long,6,1744897109.8857324,1744897361.8618405,251.97610807418823
io_long,7,1744897362.36462,1744897586.4437876,224.0791676044464
io_long,8,1744897586.9364562,1744897755.497538,168.5610818862915
io_long,9,1744897755.9440823,1744897875.1897035,119.24562120437622
