Experiment Name,Run Number,Start Time,Finish Time,Duration (s)
memory_low,0,1745325702.7225664,1745325703.0055883,0.2830219268798828
memory_low,1,1745325707.2412906,1745325707.6166692,0.3753786087036133
memory_low,2,1745325711.2933397,1745325711.5468743,0.25353455543518066
memory_low,3,1745325714.841164,1745325715.1849148,0.3437507152557373
memory_low,4,1745325718.7068655,1745325718.9575639,0.2506983280181885
memory_low,5,1745325723.7011971,1745325724.440856,0.7396588325500488
memory_low,6,1745325729.9618459,1745325731.0358307,1.0739848613739014
memory_low,7,1745325736.1168654,1745325736.363398,0.24653267860412598
memory_low,8,1745325740.7516682,1745325741.0006716,0.24900341033935547
memory_low,9,1745325744.1060143,1745325744.3610463,0.2550320625305176
