container_id,started,finished,total_time
830765bb710f,1744021759.827969,1744021760.113186,0.2852168083190918
d0d087333152,1744021763.072701,1744021763.305062,0.2323610782623291
f526076b22ac,1744021761.807822,1744021762.020855,0.21303296089172363
8f1a1a4dc281,1744021759.184309,1744021759.396933,0.21262407302856445
0689d8184e3c,1744021762.432261,1744021762.649195,0.2169339656829834
e8a29f93f4bf,1744021757.926799,1744021758.132911,0.20611190795898438
8026ff22c62e,1744021761.166163,1744021761.383184,0.21702098846435547
6547707c474f,1744021763.751648,1744021763.951009,0.19936108589172363
710e42661f93,1744021760.531851,1744021760.731278,0.19942688941955566
3b43ae736c22,1744021757.291621,1744021757.535828,0.24420714378356934
c9f95e2a8b76,1744021758.57943,1744021758.775984,0.19655394554138184
