Experiment Name,Run Number,Start Time,Finish Time,Duration (s)
memory_low,0,1746103921.098514,1746103921.3552985,0.25678443908691406
memory_low,1,1746103922.7863915,1746103923.0328777,0.24648618698120117
memory_low,2,1746103923.9618764,1746103924.2081804,0.24630403518676758
memory_low,3,1746103925.2752533,1746103925.5241718,0.2489185333251953
memory_low,4,1746103926.4522858,1746103926.6986566,0.24637079238891602
memory_low,5,1746103927.6312172,1746103927.875703,0.24448585510253906
memory_low,6,1746103928.8290048,1746103929.0728612,0.24385643005371094
memory_low,7,1746103930.0012696,1746103930.2474318,0.24616217613220215
memory_low,8,1746103931.1768756,1746103931.4208753,0.24399971961975098
memory_low,9,1746103932.3598914,1746103932.6079557,0.24806427955627441
