Experiment Name,Run Number,Start Time,Finish Time,Duration (s)
cpu_long,0,1745930727.9421055,1745930776.4100528,48.467947244644165
