Experiment Name,Run Number,Duration (s)
memory_low,1,5.275855779647827
memory_low,2,5.305070161819458
memory_low,3,5.304898262023926
memory_low,4,5.303129434585571
memory_low,5,5.292582035064697
memory_low,6,5.304935693740845
memory_low,7,5.304094314575195
memory_low,8,5.303110837936401
memory_low,9,5.2998292446136475
memory_low,10,5.292713642120361
memory_low,Average,5.298621940612793
