Experiment Name,Run Number,Duration (s)
memory_medium,1,6.293521404266357
memory_medium,2,5.555563926696777
memory_medium,3,5.538378000259399
memory_medium,4,5.579982280731201
memory_medium,5,5.537613868713379
memory_medium,6,5.563097715377808
memory_medium,7,5.534989356994629
memory_medium,8,5.568196773529053
memory_medium,9,5.540838956832886
memory_medium,10,5.562520980834961
memory_medium,Average,5.627470326423645
