Experiment Name,Run Number,Duration (s)
memory_medium,1,5.725379228591919
memory_medium,2,5.541091442108154
memory_medium,3,5.5430006980896
memory_medium,4,5.555462837219238
memory_medium,5,5.54638147354126
memory_medium,6,5.536169767379761
memory_medium,7,5.542208433151245
memory_medium,8,5.541245937347412
memory_medium,9,5.537348985671997
memory_medium,10,5.541110277175903
memory_medium,Average,5.560939908027649
