Experiment Name,Run Number,Duration (s)
memory_low,1,5.286036968231201
memory_low,2,5.292689323425293
memory_low,3,5.287201404571533
memory_low,4,5.286273956298828
memory_low,5,5.288139820098877
memory_low,6,5.289256811141968
memory_low,7,5.288912057876587
memory_low,8,5.291177272796631
memory_low,9,5.291207551956177
memory_low,10,5.286220073699951
memory_low,Average,5.288711524009704
