Experiment Name,Run Number,Duration (s)
memory_long,1,23.86975598335266
memory_long,2,21.233009099960327
memory_long,3,24.439985990524292
memory_long,4,21.757192611694336
memory_long,5,21.717538833618164
memory_long,6,27.035390853881836
memory_long,7,22.92463517189026
memory_long,8,21.210213899612427
memory_long,9,21.95557737350464
memory_long,10,21.70372486114502
memory_long,Average,22.784702467918397
