container_id,started,finished,total_time
f655eebe3939,1744118125.0850477,1744118171.2733524,46.18830466270447
234b10dcee57,1744118181.3967047,1744118227.4546406,46.05793595314026
41054f7ffc3f,1744118235.7758644,1744118284.660853,48.88498854637146
432877802e8d,1744118294.411457,1744118340.982847,46.57138991355896
7ea35e0296de,1744118349.4007866,1744118396.5993645,47.198577880859375
d76444b7c3f5,1744118405.5515,1744118450.8232584,45.27175831794739
17549d8aa259,1744118459.6680124,1744118504.6357534,44.96774101257324
f188339cd702,1744118513.1786094,1744118559.9593399,46.78073048591614
6f0e6db2f725,1744118569.0954862,1744118614.7821667,45.68668055534363
0f8d65ba8699,1744118623.64813,1744118674.6364026,50.98827266693115
75c7f6d8e332,1744118683.7232308,1744118729.0684772,45.34524631500244
