Experiment Name,Run Number,Start Time,Finish Time,Duration (s)
memory_low,0,1744700242.8091497,1744700243.0689914,0.2598416805267334
memory_low,1,1744700244.0222974,1744700244.2735307,0.2512333393096924
memory_low,2,1744700245.2345762,1744700245.4886763,0.25410008430480957
memory_low,3,1744700246.4573634,1744700246.709357,0.25199365615844727
memory_low,4,1744700247.670673,1744700247.9301968,0.259523868560791
memory_low,5,1744700248.889961,1744700249.1516347,0.2616736888885498
memory_low,6,1744700250.1066327,1744700250.367764,0.26113128662109375
memory_low,7,1744700251.3218913,1744700251.578533,0.2566416263580322
memory_low,8,1744700252.5344074,1744700252.791475,0.2570676803588867
memory_low,9,1744700253.7513387,1744700254.0076158,0.25627708435058594
