Experiment Name,Run Number,Start Time,Finish Time,Duration (s)
cpu_long,0,1745930481.381658,1745930529.4682884,48.08663034439087
