Experiment Name,Run Number,Start Time,Finish Time,Duration (s)
memory_low,0,1745401485.4142869,1745401485.6666307,0.25234389305114746
memory_low,1,1745401494.7976296,1745401495.0506418,0.25301218032836914
memory_low,2,1745401504.7791708,1745401505.0375965,0.2584257125854492
memory_low,3,1745401514.6062982,1745401514.8740325,0.2677342891693115
memory_low,4,1745401524.638836,1745401524.9008114,0.2619755268096924
memory_low,5,1745401534.4246001,1745401534.6780827,0.2534825801849365
memory_low,6,1745401544.605342,1745401544.8634624,0.2581205368041992
memory_low,7,1745401554.2671618,1745401554.5292273,0.26206541061401367
memory_low,8,1745401564.9856963,1745401565.24349,0.257793664932251
memory_low,9,1745401575.7641656,1745401576.0224738,0.25830817222595215
