Experiment Name,Run Number,Start Time,Finish Time,Duration (s)
cpu_long,0,1745927853.6738148,1745927898.9401333,45.266318559646606
