Experiment Name,Run Number,Start Time,Finish Time,Duration (s)
io_long,0,1744888239.4673502,1744888327.534034,88.06668376922607
io_long,1,1744888330.0694463,1744888398.8430734,68.77362704277039
io_long,2,1744888400.9698613,1744888466.2320974,65.26223611831665
io_long,3,1744888468.1045704,1744888527.771521,59.666950702667236
io_long,4,1744888529.651368,1744888584.5407312,54.889363288879395
io_long,5,1744888586.3957074,1744888674.4495654,88.0538580417633
io_long,6,1744888676.2846053,1744888843.2727551,166.98814988136292
io_long,7,1744888845.1805909,1744889011.3442614,166.16367053985596
io_long,0,1744889107.8211076,1744889274.8123991,166.99129152297974
io_long,1,1744889277.9065902,1744889445.1134858,167.2068955898285
io_long,2,1744889446.9607046,1744889696.5400054,249.57930088043213
io_long,3,1744889698.4248662,1744889895.985644,197.56077790260315
io_long,4,1744889898.4688718,1744890066.7879255,168.31905364990234
io_long,5,1744890069.223856,1744890237.5020583,168.27820229530334
io_long,6,1744890239.4092119,1744890407.0150194,167.6058075428009
io_long,7,1744890408.959513,1744890575.8114905,166.85197758674622
io_long,8,1744890577.7320142,1744890745.219058,167.48704385757446
io_long,9,1744890747.1007004,1744890914.0238967,166.92319631576538
